Name,Phone,Email,Company,Subject
Jane Doe,123-456-7890,jane.doe@example.com,TechSolutions Ltd.,Application for Software Developer Position
John Smith,987-654-3210,john.smith@example.com,Innovatech Solutions,Application for Junior Software Developer Position
Emily Johnson,555-123-4567,emily.johnson@example.com,NexTech Innovations,Application for Senior Software Engineer Position
Michael Brown,444-987-6543,michael.brown@example.com,FutureTech Corp,Application for Software Engineer Intern Position
Sarah Williams,321-654-0987,sarah.williams@example.com,TechSphere Solutions,Application for Front-End Developer Position
David Martinez,888-555-1234,david.martinez@example.com,CodeCrafters Inc.,Application for Back-End Developer Position
Alex Thompson,555-789-1234,alex.thompson@example.com,Stellar Innovations,Application for DevOps Engineer Position
Olivia Carter,666-333-7890,olivia.carter@example.com,NextGen Software Solutions,Application for Mobile App Developer Position
Ryan Patel,123-456-7890,ryan.patel@example.com,TechGenius Innovations,Application for Product Manager Position
Emma Liu,555-123-4567,emma.liu@example.com,Digital Dynamics,Application for Cybersecurity Analyst Position
Alex Turner,555-777-8888,alex.turner@example.com,TechGenius Solutions,Application for Software Quality Assurance Engineer Position
